topology,p_replicas,d_replicas,rr,il,ol,completed,duration_s,request_throughput,output_throughput_tok_s,mean_ttft_ms,p99_ttft_ms,mean_tpot_ms,p99_tpot_ms,mean_e2e_latency_ms,p99_e2e_latency_ms
1P2D,1,2,1,1024,1024,200,205.89728204208149,0.9713581355538429,994.6707308071351,64.3057535238524,112.88201944477728,13.540182114018847,14.2964871848999,13915.912056165136,14682.319483667694
1P2D,1,2,1,1024,4096,200,345.1827013533048,0.5794033108145069,2361.3726783072934,27658.394609745865,80442.54514646524,22.239389424972256,23.610649399913882,118728.69430500726,157269.20927054968
1P2D,1,2,1,4096,1024,200,209.85401749554933,0.9530434651042203,971.0416909427134,251.40243722488293,689.570131926672,21.379160790727052,25.095345006054927,22122.283926138654,25884.386867001944
1P2D,1,2,1,4096,4096,200,521.1505371382617,0.3837662743249554,1564.0490451682138,85271.83631578491,237789.3234438078,34.41464891196848,36.79329004206223,226199.82361029583,330808.270191401
1P2D,1,2,1,8192,1024,200,233.86503767080015,0.8551940982368206,871.3444387820228,3296.5439389642315,14546.559385058783,55.38290214865848,65.32101324594905,59953.25283704185,72847.19680191542
1P2D,1,2,1,8192,4096,200,854.3282374841326,0.23410205963573175,954.0887965969156,221752.582948825,542324.4120373201,41.391976126016864,47.70641917516387,391252.72518486413,676029.6692563929
1P2D,1,2,1,16384,1024,200,557.9508145058286,0.3584545354183916,365.223949319768,145818.15785043838,333433.13602713554,66.07850239206819,84.51779174402711,213416.46579752414,373175.82460044307
1P2D,1,2,1,16384,4096,200,2039.993599651397,0.09803952327800286,399.56252810758264,812216.6308414267,1691355.2992675095,56.48591349945379,65.25227803431365,1043526.44662169,1858534.390866383
1P2D,1,2,8,1024,1024,200,77.92391393707899,2.5666061917974687,2615.076549729564,14011.672679671465,39521.64231782013,19.541239337627736,20.988096688219585,34002.360522064635,52920.53079210686
1P2D,1,2,8,1024,4096,200,348.5771884766527,0.5737610107937278,2338.3773435151074,95912.90526287588,266765.1579758251,23.115014119057708,24.38680111444372,190568.8880804172,323573.8053316806
1P2D,1,2,8,4096,1024,200,195.74507978642205,1.0217370480944936,1041.032552247758,58292.27923748642,155010.91950147672,50.298781619717374,57.74525419271561,109747.9328344573,171374.1613350795
1P2D,1,2,8,4096,4096,200,803.2960342441237,0.24897421557445346,1014.7006399290744,258357.58641245865,710083.6710834983,56.45373924743468,59.63369290383543,489535.6486307036,778925.1157927812
1P2D,1,2,8,8192,1024,200,326.1405720539073,0.6132325050528895,624.8134009108134,115021.90748683202,264888.8915887094,75.14508432517336,91.01193754067361,191895.3287514844,303381.8583500546
1P2D,1,2,8,8192,4096,200,1268.7714987089842,0.15763279692482565,642.4364046870501,491892.2389488835,1084047.025561659,61.98560807903693,67.13979738743193,745723.3040325397,1246012.7850051315
1P2D,1,2,8,16384,1024,200,633.5242475026691,0.31569430971015416,321.6561967490304,267945.7622683158,569645.7951105965,80.16399510167945,94.6056370430956,349953.5292573339,609966.8464045423
1P2D,1,2,8,16384,4096,200,2225.8454681203557,0.08985349740783785,366.2001750230783,969633.784644224,2008933.3851389366,66.14853590720736,70.4734964397858,1240512.0391842383,2202683.147091888
1P2D,1,2,64,1024,1024,200,76.10966385521913,2.627787193758382,2677.4129549125087,22740.02773154631,59861.951010092875,18.498453697050728,20.754419882808076,41663.94586362922,72188.07353684178
1P2D,1,2,64,1024,4096,200,343.09376116004364,0.5829310312253262,2375.7499910345973,106053.98799429282,288273.39945070585,22.674730842890813,24.32741741837689,198907.0107959307,339171.1440502689
1P2D,1,2,64,4096,1024,200,195.74507978642205,1.0217370480944936,1041.032552247758,68704.73269120867,175973.58912131086,50.298781619717374,57.74525419271561,120160.38628817954,191823.71498000424
1P2D,1,2,64,4096,4096,200,803.2960342441237,0.24897421557445346,1014.7006399290744,268770.03986618086,731046.3407033322,56.45373924743468,59.63369290383543,499948.1020844259,799374.669437706
1P2D,1,2,64,8192,1024,200,326.1405720539073,0.6132325050528895,624.8134009108134,125434.36094055431,285896.6204417279,75.14508432517336,91.01193754067361,202307.7822052067,322420.73284092575
1P2D,1,2,64,8192,4096,200,1268.7714987089842,0.15763279692482565,642.4364046870501,502304.6924026057,1105054.7544146776,61.98560807903693,67.13979738743193,756135.757486262,1265051.6594960024
1P2D,1,2,64,16384,1024,200,633.5242475026691,0.31569430971015416,321.6561967490304,278358.2157220381,590653.5239636151,80.16399510167945,94.6056370430956,360365.98271105613,629704.5723654034
1P2D,1,2,64,16384,4096,200,2225.8454681203557,0.08985349740783785,366.2001750230783,980046.2380979464,2029941.113991955,66.14853590720736,70.4734964397858,1250924.4926379607,2222075.177991797
2P1D,2,1,1,1024,1024,200,206.4955962574216,0.9685436572249025,991.7887049983002,63.181543948137175,99.91805132156358,15.00064223648617,16.290616620359966,15408.838551873492,16722.424887141864
2P1D,2,1,1,1024,4096,200,498.83626919014125,0.4009331565339049,1634.0131027828427,75656.06265304206,207474.30596030704,33.36617959084441,35.60602643415036,212290.56807754995,310178.7061227697
2P1D,2,1,1,4096,1024,200,220.2115489012114,0.9082175798587274,925.3692688543595,248.6041145079133,611.0682298615689,38.02643404115713,45.95504994861963,39149.64613861166,47336.73265520932
2P1D,2,1,1,4096,4096,200,807.0644757612375,0.24781167553107383,1009.9626789187797,182762.0484282586,502734.5065821091,56.1651155530298,59.84529370103287,412758.1966179156,619082.545155346
2P1D,2,1,1,8192,1024,200,349.40686710208894,0.5723985955363735,583.2083430130779,46617.79127986928,123370.55607672507,87.86044136559124,101.47482457308269,136499.02279686913,175761.56402425462
2P1D,2,1,1,8192,4096,200,1281.3358970937645,0.15608709664158,636.1368645401752,417731.02499131265,938168.9288969226,63.568893891487676,69.67782328128379,678045.6454769549,1104524.2600991158
2P1D,2,1,1,16384,1024,200,735.9147218595058,0.271770619691696,276.9030078445737,243821.73871443636,505270.6713531649,85.68775330799028,117.95777821016321,331480.3103485104,554455.513074492
2P1D,2,1,1,16384,4096,200,2318.9196316161124,0.08624705973989062,351.50204814641774,937709.8606221302,1935241.9505204216,67.21428130427152,75.475071688946,1212952.342563122,2140621.0633883723
2P1D,2,1,8,1024,1024,200,95.25609974787312,2.0996030755969053,2139.254079679553,19864.791217195838,55643.86847622736,25.053259382115947,26.164096899120533,45494.275565100455,70884.02117107243
2P1D,2,1,8,1024,4096,200,494.232368259126,0.4046679514425085,1649.2343528027295,147006.97337594867,408102.9583774476,34.383754606102045,35.46821094484818,287808.4484879366,469860.1362400191
2P1D,2,1,8,4096,1024,200,192.97933296682868,1.0363804088512323,1055.9524528723878,56833.8143854382,152435.244039597,49.711439856474136,57.059867179247696,107688.61735861124,168608.4145154861
2P1D,2,1,8,4096,4096,200,800.5302874245311,0.24983439495267656,1018.2063224895071,256899.12156041048,707507.995621619,56.30701137837544,59.41489131473025,487476.3331548579,776159.3689731887
2P1D,2,1,8,8192,1024,200,332.22814169753866,0.6019959627083021,613.3646564640484,120706.19047623852,271120.2180288225,75.01084500237067,93.87048906046266,197442.2849136637,309469.4279936859
2P1D,2,1,8,8192,4096,200,1272.6894003232985,0.15714753336453846,640.4587009155106,496183.17769027455,1088108.6839724553,61.99185339625798,68.23891520178115,750039.8173479509,1249930.686619446
2P1D,2,1,8,16384,1024,200,735.9147218595058,0.271770619691696,276.9030078445737,327121.3663442145,671714.983750569,85.68775330799028,117.95777821016321,414779.93797828845,712357.320761379
2P1D,2,1,8,16384,4096,200,2318.9196316161124,0.08624705973989062,351.50204814641774,1021009.4882519083,2101686.262917829,67.21428130427152,75.475071688946,1296251.9701929,2295757.310587645
2P1D,2,1,64,1024,1024,200,93.05514029022429,2.1492633225443707,2189.852160390621,27877.77573243999,75927.96037912206,24.266687493039978,25.759432898805812,52702.59703781988,89133.77548380647
2P1D,2,1,64,1024,4096,200,492.2275557643571,0.4063161390658623,1655.9515826663985,155886.68704519112,431350.11174849764,34.26371680287432,35.391878281876174,296196.6073529615,488306.19095793925
2P1D,2,1,64,4096,1024,200,192.97933296682868,1.0363804088512323,1055.9524528723878,67246.26783916046,173390.95400128112,49.711439856474136,57.059867179247696,118101.07081233349,189057.96816041088
2P1D,2,1,64,4096,4096,200,800.5302874245311,0.24983439495267656,1018.2063224895071,267311.5750141327,728463.7055833034,56.30701137837544,59.41489131473025,497888.78660858015,796608.9226181135
2P1D,2,1,64,8192,1024,200,332.22814169753866,0.6019959627083021,613.3646564640484,131118.64392996073,292127.94688184105,75.01084500237067,93.87048906046266,207854.73836738596,328508.3024845571
2P1D,2,1,64,8192,4096,200,1272.6894003232985,0.15714753336453846,640.4587009155106,506595.6311439968,1109116.4128254738,61.99185339625798,68.23891520178115,760452.2708016733,1268969.5611103168
2P1D,2,1,64,16384,1024,200,735.9147218595058,0.271770619691696,276.9030078445737,337533.81979793677,692722.7126035878,85.68775330799028,117.95777821016321,425192.3914320107,732095.04672224
2P1D,2,1,64,16384,4096,200,2318.9196316161124,0.08624705973989062,351.50204814641774,1031421.9417056304,2122693.991770847,67.21428130427152,75.475071688946,1306664.4236466226,2315149.341487554
1P4D,1,4,1,1024,1024,200,205.34328369343274,0.9739787754567615,997.3542660677238,63.692622929563015,114.59376050948757,12.716621204134242,13.461950342646125,13072.796114758889,13831.174404512143
1P4D,1,4,1,1024,4096,200,272.81781817468897,0.73308994748993,2987.726408243897,5869.099654935271,22470.752777418187,17.04649727510277,17.899427665572663,75674.50599648112,89534.74425013526
1P4D,1,4,1,4096,1024,200,207.32847218250237,0.9646528423937286,982.8703113223341,249.1500963040226,679.4098358659,16.228523043340303,19.01353658392735,16850.92916964115,19663.74601002631
1P4D,1,4,1,4096,4096,200,382.6467606315063,0.5226752728023288,2130.1761411877114,39648.05369313939,114458.4516756224,23.943249855459197,25.57739086956016,137695.6618512448,189619.69547172924
1P4D,1,4,1,8192,1024,200,212.43104984150594,0.9414819544940314,959.2618412046511,598.4720278355621,1854.9245478884686,31.95429090402138,46.6104896389874,33287.71162264944,48087.66825593794
1P4D,1,4,1,8192,4096,200,702.3968636343706,0.2847393124239647,1160.4621862666788,148582.66392463451,410818.6552385818,30.692990180448447,44.78583888409101,274270.4587135709,520191.14413784834
1P4D,1,4,1,16384,1024,200,557.9211076311218,0.35847362156484874,365.2433959081009,145801.9131723785,333403.42915242864,58.34571976535315,83.77430311289842,205489.58449233478,373146.1177257363
1P4D,1,4,1,16384,4096,200,2039.9922434307207,0.09803958845630391,399.562793743378,812215.464491645,1691353.9430468332,56.205783914009565,65.25227803431365,1042378.149619514,1858533.0346457066
1P4D,1,4,8,1024,1024,200,67.81673446855083,2.9491246012847685,3004.8188193800315,10694.432563018536,30077.966632576554,16.325717744026633,17.503663511652473,27395.641815157785,42813.3513235787
1P4D,1,4,8,1024,4096,200,280.4553460366278,0.71312600321721,2906.36285426182,73018.85498799104,200346.52626220815,17.716320475229907,18.6435339222244,145567.18733405753,255451.96289165568
1P4D,1,4,8,4096,1024,200,195.74507978642205,1.0217370480944936,1041.032552247758,58292.27923748642,155010.91950147672,50.298781619717374,57.74525419271561,109747.9328344573,171374.1613350795
1P4D,1,4,8,4096,4096,200,803.2960342441237,0.24897421557445346,1014.7006399290744,258357.58641245865,710083.6710834983,56.45373924743468,59.63369290383543,489535.6486307036,778925.1157927812
1P4D,1,4,8,8192,1024,200,326.1405720539073,0.6132325050528895,624.8134009108134,115021.90748683202,264888.8915887094,75.14508432517336,91.01193754067361,191895.3287514844,303381.8583500546
1P4D,1,4,8,8192,4096,200,1268.7714987089842,0.15763279692482565,642.4364046870501,491892.2389488835,1084047.025561659,61.98560807903693,67.13979738743193,745723.3040325397,1246012.7850051315
1P4D,1,4,8,16384,1024,200,633.5242475026691,0.31569430971015416,321.6561967490304,267945.7622683158,569645.7951105965,80.16399510167945,94.6056370430956,349953.5292573339,609966.8464045423
1P4D,1,4,8,16384,4096,200,2225.8454681203557,0.08985349740783785,366.2001750230783,969633.784644224,2008933.3851389366,66.14853590720736,70.4734964397858,1240512.0391842383,2202683.147091888
1P4D,1,4,64,1024,1024,200,65.14339360991616,3.0701501551733084,3128.129940853756,18600.538284910745,48986.20109287354,15.209349050549914,16.598782538459087,34159.70236362331,61222.02880349834
1P4D,1,4,64,1024,4096,200,268.79928436329,0.7440495999598504,3032.3927458763696,78620.2811523747,214648.4712193216,17.030883400802608,17.82301941980223,148361.74867866136,264877.91955687216
1P4D,1,4,64,4096,1024,200,195.74507978642205,1.0217370480944936,1041.032552247758,68704.73269120867,175973.58912131086,50.298781619717374,57.74525419271561,120160.38628817954,191823.71498000424
1P4D,1,4,64,4096,4096,200,803.2960342441237,0.24897421557445346,1014.7006399290744,268770.03986618086,731046.3407033322,56.45373924743468,59.63369290383543,499948.1020844259,799374.669437706
1P4D,1,4,64,8192,1024,200,326.1405720539073,0.6132325050528895,624.8134009108134,125434.36094055431,285896.6204417279,75.14508432517336,91.01193754067361,202307.7822052067,322420.73284092575
1P4D,1,4,64,8192,4096,200,1268.7714987089842,0.15763279692482565,642.4364046870501,502304.6924026057,1105054.7544146776,61.98560807903693,67.13979738743193,756135.757486262,1265051.6594960024
1P4D,1,4,64,16384,1024,200,633.5242475026691,0.31569430971015416,321.6561967490304,278358.2157220381,590653.5239636151,80.16399510167945,94.6056370430956,360365.98271105613,629704.5723654034
1P4D,1,4,64,16384,4096,200,2225.8454681203557,0.08985349740783785,366.2001750230783,980046.2380979464,2029941.113991955,66.14853590720736,70.4734964397858,1250924.4926379607,2222075.177991797
4P1D,4,1,1,1024,1024,200,206.4955962574216,0.9685436572249025,991.7887049983002,63.181543948137175,99.91805132156358,15.00064223648617,16.290616620359966,15408.838551873492,16722.424887141864
4P1D,4,1,1,1024,4096,200,498.83626919014125,0.4009331565339049,1634.0131027828427,75656.06265304206,207474.30596030704,33.36617959084441,35.60602643415036,212290.56807754995,310178.7061227697
4P1D,4,1,1,4096,1024,200,220.23900563181394,0.9081043542956754,925.2539050265492,246.7031867369577,610.9274677903657,38.07502762163873,46.04122552976796,39197.45644367338,47422.57184656288
4P1D,4,1,1,4096,4096,200,807.2433211686149,0.24775677265495086,1009.7389208745686,182838.87066135314,503007.33556408616,56.177721872638,59.85946886057514,412886.6417298058,619261.3905627234
4P1D,4,1,1,8192,1024,200,353.22705535486506,0.5662080437158828,576.9008826214573,47921.0701981462,126814.04416044292,88.88182144738813,102.05743854263585,138847.17353882425,179205.04794972978
4P1D,4,1,1,8192,4096,200,1286.0937271806827,0.15550966136692937,633.7835126424548,419447.17764029425,942514.5834198579,63.7736475857936,69.98019374997882,680600.2645041188,1109282.0901860339
4P1D,4,1,1,16384,1024,200,793.0633306088167,0.25218666943844764,256.94921469079276,269588.0551538176,561101.0983148885,89.94707641414065,121.48771170027928,361603.9143254835,611604.1218238028
4P1D,4,1,1,16384,4096,200,2379.773992255362,0.08404159413913746,342.51361795390824,966619.9660388915,1994778.1293720847,68.12968210724672,76.0834722007501,1245611.0142680667,2201475.424027622
4P1D,4,1,8,1024,1024,200,94.4165379020167,2.118272968317853,2158.2765533245356,19582.933326509206,54847.97204835507,24.806042608926717,25.944239486893846,44959.514915441236,70044.459325216
4P1D,4,1,8,1024,4096,200,493.40421745690895,0.4053471634896733,1652.0024984812508,146727.09830617363,407296.980134746,34.322684053467015,35.4046784735308,287278.48950512114,469031.98543780204
4P1D,4,1,8,4096,1024,200,193.12601666165634,1.0355932538617332,1055.150432460912,56887.749441848726,152581.92773442462,49.711439856474136,57.05986717924768,107742.55241502178,168755.09821031376
4P1D,4,1,8,4096,4096,200,800.6769711193588,0.2497886253933305,1018.0197875061532,256953.05661682095,707654.6793164468,56.30701137837543,59.414891314730234,487530.2682112684,776306.0526680163
4P1D,4,1,8,8192,1024,200,339.3992843215045,0.5892764340968526,600.4049195547717,124134.44528879964,278250.02864987333,76.1444302376948,95.64812781208066,202030.1974219614,316640.57061765174
4P1D,4,1,8,8192,4096,200,1279.007853396753,0.15637120559412174,637.294757678983,499090.97716096643,1094385.805042995,62.16370298806788,68.59277444325623,753651.3408971045,1256249.1396929005
4P1D,4,1,8,16384,1024,200,793.0633306088167,0.25218666943844764,256.94921469079276,352887.6827835957,728538.4143075147,89.94707641414065,121.48771170027928,444903.5419552616,769505.9295106899
4P1D,4,1,8,16384,4096,200,2379.773992255362,0.08404159413913746,342.51361795390824,1049919.5936686695,2162215.445364713,68.12968210724672,76.0834722007501,1328910.6418978446,2356611.6712268945
4P1D,4,1,64,1024,1024,200,90.97929283669691,2.1983024242559193,2239.817365537992,26847.710103773676,73875.00047729691,23.978145097276887,25.211005429545647,51377.352538287945,87057.9280302791
4P1D,4,1,64,1024,4096,200,490.1517083108299,0.40803693348176584,1662.9647233282737,154856.62141652487,429297.1518466726,34.19163405052619,35.25487185915256,294871.36285342963,486230.3435044121
4P1D,4,1,64,4096,1024,200,193.12601666165634,1.0355932538617332,1055.150432460912,67300.202895571,173537.63769610878,49.711439856474136,57.05986717924768,118155.00586874403,189204.6518552385
4P1D,4,1,64,4096,4096,200,800.6769711193588,0.2497886253933305,1018.0197875061532,267365.5100705432,728610.389278131,56.30701137837543,59.414891314730234,497942.7216649907,796755.6063129411
4P1D,4,1,64,8192,1024,200,339.3992843215045,0.5892764340968526,600.4049195547717,134546.89874252188,299257.7575028919,76.1444302376948,95.64812781208066,212442.65087568364,335679.44510852295
4P1D,4,1,64,8192,4096,200,1279.007853396753,0.15637120559412174,637.294757678983,509503.4306146888,1115393.5338960132,62.16370298806788,68.59277444325623,764063.7943508266,1275288.0141837713
4P1D,4,1,64,16384,1024,200,793.0633306088167,0.25218666943844764,256.94921469079276,363300.1362373179,749546.1431605334,89.94707641414065,121.48771170027928,455315.9954089837,789243.6554715509
4P1D,4,1,64,16384,4096,200,2379.773992255362,0.08404159413913746,342.51361795390824,1060332.0471223916,2183223.174217731,68.12968210724672,76.0834722007501,1339323.095351567,2376003.7021268033
1P8D,1,8,1,1024,1024,200,205.24796513323503,0.9744310978682378,997.8174442170755,63.68359414942924,117.61479040807822,12.335558420506652,12.97155194156153,12682.959858327737,13330.366560774659
1P8D,1,8,1,1024,4096,200,251.26037433965172,0.7959870334732593,3244.065054596105,524.4272532220177,6240.572970109233,14.260938812967703,14.772168455387034,58922.97169232476,61009.7140167574
1P8D,1,8,1,4096,1024,200,207.17657153554862,0.9653601201991258,983.5909460690863,249.04271948513397,683.2482793420129,14.733461156394814,18.59707643786626,15321.373482477029,19233.1661965762
1P8D,1,8,1,4096,4096,200,320.91830560243267,0.6232115666463993,2539.9143201565666,20244.04985312404,62880.16745881546,19.034438620125837,20.626233791847007,98190.07600253935,127891.24044265562
1P8D,1,8,1,8192,1024,200,210.2927217242812,0.9510552641104899,969.0159427732165,597.4202940714622,1848.2384009777302,23.178258919800758,38.596527565204994,24308.779169027635,39895.8667573808
1P8D,1,8,1,8192,4096,200,696.6541713589972,0.2870864888526401,1170.0281624811562,144390.7883516273,405075.9629632085,26.793165576174697,44.78583888409101,254108.8013860627,514448.4518624751
1P8D,1,8,1,16384,1024,200,557.9211076311218,0.35847362156484874,365.2433959081009,145801.9131723785,333403.42915242864,58.34571976535315,83.77430311289842,205489.58449233478,373146.1177257363
1P8D,1,8,1,16384,4096,200,2039.9922434307207,0.09803958845630391,399.562793743378,812215.464491645,1691353.9430468332,56.205783914009565,65.25227803431365,1042378.149619514,1858533.0346457066
1P8D,1,8,8,1024,1024,200,64.29472037185286,3.1106753220682273,3169.4204255254854,9399.02120581381,26758.512841016705,14.850273872799677,16.27876695310598,24590.851377687883,39291.337226880736
1P8D,1,8,8,1024,4096,200,247.20688188327222,0.8090389655674607,3297.2585301443255,60476.66516860402,167657.85528723546,14.852324564109294,15.807896372938293,121296.93425863159,222203.49873830008
1P8D,1,8,8,4096,1024,200,195.74507978642205,1.0217370480944936,1041.032552247758,58292.27923748642,155010.91950147672,50.298781619717374,57.74525419271561,109747.9328344573,171374.1613350795
1P8D,1,8,8,4096,4096,200,803.2960342441237,0.24897421557445346,1014.7006399290744,258357.58641245865,710083.6710834983,56.45373924743468,59.63369290383543,489535.6486307036,778925.1157927812
1P8D,1,8,8,8192,1024,200,326.1405720539073,0.6132325050528895,624.8134009108134,115021.90748683202,264888.8915887094,75.14508432517336,91.01193754067361,191895.3287514844,303381.8583500546
1P8D,1,8,8,8192,4096,200,1268.7714987089842,0.15763279692482565,642.4364046870501,491892.2389488835,1084047.025561659,61.98560807903693,67.13979738743193,745723.3040325397,1246012.7850051315
1P8D,1,8,8,16384,1024,200,633.5242475026691,0.31569430971015416,321.6561967490304,267945.7622683158,569645.7951105965,80.16399510167945,94.6056370430956,349953.5292573339,609966.8464045423
1P8D,1,8,8,16384,4096,200,2225.8454681203557,0.08985349740783785,366.2001750230783,969633.784644224,2008933.3851389366,66.14853590720736,70.4734964397858,1240512.0391842383,2202683.147091888
1P8D,1,8,64,1024,1024,200,65.14339360991616,3.0701501551733084,3128.129940853756,18600.538284910745,48986.20109287354,15.209349050549914,16.598782538459087,34159.70236362331,61222.02880349834
1P8D,1,8,64,1024,4096,200,268.79928436329,0.7440495999598504,3032.3927458763696,78620.2811523747,214648.4712193216,17.030883400802608,17.82301941980223,148361.74867866136,264877.91955687216
1P8D,1,8,64,4096,1024,200,195.74507978642205,1.0217370480944936,1041.032552247758,68704.73269120867,175973.58912131086,50.298781619717374,57.74525419271561,120160.38628817954,191823.71498000424
1P8D,1,8,64,4096,4096,200,803.2960342441237,0.24897421557445346,1014.7006399290744,268770.03986618086,731046.3407033322,56.45373924743468,59.63369290383543,499948.1020844259,799374.669437706
1P8D,1,8,64,8192,1024,200,326.1405720539073,0.6132325050528895,624.8134009108134,125434.36094055431,285896.6204417279,75.14508432517336,91.01193754067361,202307.7822052067,322420.73284092575
1P8D,1,8,64,8192,4096,200,1268.7714987089842,0.15763279692482565,642.4364046870501,502304.6924026057,1105054.7544146776,61.98560807903693,67.13979738743193,756135.757486262,1265051.6594960024
1P8D,1,8,64,16384,1024,200,633.5242475026691,0.31569430971015416,321.6561967490304,278358.2157220381,590653.5239636151,80.16399510167945,94.6056370430956,360365.98271105613,629704.5723654034
1P8D,1,8,64,16384,4096,200,2225.8454681203557,0.08985349740783785,366.2001750230783,980046.2380979464,2029941.113991955,66.14853590720736,70.4734964397858,1250924.4926379607,2222075.177991797
8P1D,8,1,1,1024,1024,200,206.4955962574216,0.9685436572249025,991.7887049983002,63.181543948137175,99.91805132156358,15.00064223648617,16.290616620359966,15408.838551873492,16722.424887141864
8P1D,8,1,1,1024,4096,200,498.83626919014125,0.4009331565339049,1634.0131027828427,75656.06265304206,207474.30596030704,33.36617959084441,35.60602643415036,212290.56807754995,310178.7061227697
8P1D,8,1,1,4096,1024,200,220.23900563181394,0.9081043542956754,925.2539050265492,246.7031867369577,610.9274677903657,38.07502762163873,46.04122552976796,39197.45644367338,47422.57184656288
8P1D,8,1,1,4096,4096,200,807.2433211686149,0.24775677265495086,1009.7389208745686,182838.87066135314,503007.33556408616,56.177721872638,59.85946886057514,412886.6417298058,619261.3905627234
8P1D,8,1,1,8192,1024,200,353.22705535486506,0.5662080437158828,576.9008826214573,47921.0701981462,126814.04416044292,88.88182144738813,102.05743854263585,138847.17353882425,179205.04794972978
8P1D,8,1,1,8192,4096,200,1286.0937271806827,0.15550966136692937,633.7835126424548,419447.17764029425,942514.5834198579,63.7736475857936,69.98019374997882,680600.2645041188,1109282.0901860339
8P1D,8,1,1,16384,1024,200,793.0633306088167,0.25218666943844764,256.94921469079276,269588.0551538176,561101.0983148885,89.94707641414065,121.48771170027928,361603.9143254835,611604.1218238028
8P1D,8,1,1,16384,4096,200,2379.773992255362,0.08404159413913746,342.51361795390824,966619.9660388915,1994778.1293720847,68.12968210724672,76.0834722007501,1245611.0142680667,2201475.424027622
8P1D,8,1,8,1024,1024,200,94.4278458099738,2.118019301239585,2158.0180957434945,19580.601126352696,54859.27995631217,24.807314715797368,25.942472751384265,44958.48408061341,70055.7672331731
8P1D,8,1,8,1024,4096,200,493.4155253648662,0.40533787389868997,1651.9646385209585,146724.7661060171,407308.28804270324,34.32300184719808,35.39922145279991,287277.4586702933,469043.29334575933
8P1D,8,1,8,4096,1024,200,193.12601666165634,1.0355932538617332,1055.150432460912,56887.749441848726,152581.92773442462,49.711439856474136,57.05986717924768,107742.55241502178,168755.09821031376
8P1D,8,1,8,4096,4096,200,800.6769711193588,0.2497886253933305,1018.0197875061532,256953.05661682095,707654.6793164468,56.30701137837543,59.414891314730234,487530.2682112684,776306.0526680163
8P1D,8,1,8,8192,1024,200,339.3992843215045,0.5892764340968526,600.4049195547717,124134.44528879964,278250.02864987333,76.1444302376948,95.64812781208066,202030.1974219614,316640.57061765174
8P1D,8,1,8,8192,4096,200,1279.007853396753,0.15637120559412174,637.294757678983,499090.97716096643,1094385.805042995,62.16370298806788,68.59277444325623,753651.3408971045,1256249.1396929005
8P1D,8,1,8,16384,1024,200,793.0633306088167,0.25218666943844764,256.94921469079276,352887.6827835957,728538.4143075147,89.94707641414065,121.48771170027928,444903.5419552616,769505.9295106899
8P1D,8,1,8,16384,4096,200,2379.773992255362,0.08404159413913746,342.51361795390824,1049919.5936686695,2162215.445364713,68.12968210724672,76.0834722007501,1328910.6418978446,2356611.6712268945
8P1D,8,1,64,1024,1024,200,90.43736706565078,2.2114752617114,2253.2389720288197,26482.155745155655,73336.06428238825,23.885537652341853,24.82868386387901,50917.06076350137,86516.00225923296
8P1D,8,1,64,1024,4096,200,489.6097825397835,0.4084885701476949,1664.8053798511842,154491.0670579067,428758.21565176366,34.16849915036291,35.159361490000684,294411.07107864285,485688.41773336567
8P1D,8,1,64,4096,1024,200,193.12601666165634,1.0355932538617332,1055.150432460912,67300.202895571,173537.63769610878,49.711439856474136,57.05986717924768,118155.00586874403,189204.6518552385
8P1D,8,1,64,4096,4096,200,800.6769711193588,0.2497886253933305,1018.0197875061532,267365.5100705432,728610.389278131,56.30701137837543,59.414891314730234,497942.7216649907,796755.6063129411
8P1D,8,1,64,8192,1024,200,339.3992843215045,0.5892764340968526,600.4049195547717,134546.89874252188,299257.7575028919,76.1444302376948,95.64812781208066,212442.65087568364,335679.44510852295
8P1D,8,1,64,8192,4096,200,1279.007853396753,0.15637120559412174,637.294757678983,509503.4306146888,1115393.5338960132,62.16370298806788,68.59277444325623,764063.7943508266,1275288.0141837713
8P1D,8,1,64,16384,1024,200,793.0633306088167,0.25218666943844764,256.94921469079276,363300.1362373179,749546.1431605334,89.94707641414065,121.48771170027928,455315.9954089837,789243.6554715509
8P1D,8,1,64,16384,4096,200,2379.773992255362,0.08404159413913746,342.51361795390824,1060332.0471223916,2183223.174217731,68.12968210724672,76.0834722007501,1339323.095351567,2376003.7021268033
16P1D,16,1,1,1024,1024,200,206.4955962574216,0.9685436572249025,991.7887049983002,63.181543948137175,99.91805132156358,15.00064223648617,16.290616620359966,15408.838551873492,16722.424887141864
16P1D,16,1,1,1024,4096,200,498.83626919014125,0.4009331565339049,1634.0131027828427,75656.06265304206,207474.30596030704,33.36617959084441,35.60602643415036,212290.56807754995,310178.7061227697
16P1D,16,1,1,4096,1024,200,220.23900563181394,0.9081043542956754,925.2539050265492,246.7031867369577,610.9274677903657,38.07502762163873,46.04122552976796,39197.45644367338,47422.57184656288
16P1D,16,1,1,4096,4096,200,807.2433211686149,0.24775677265495086,1009.7389208745686,182838.87066135314,503007.33556408616,56.177721872638,59.85946886057514,412886.6417298058,619261.3905627234
16P1D,16,1,1,8192,1024,200,353.22705535486506,0.5662080437158828,576.9008826214573,47921.0701981462,126814.04416044292,88.88182144738813,102.05743854263585,138847.17353882425,179205.04794972978
16P1D,16,1,1,8192,4096,200,1286.0937271806827,0.15550966136692937,633.7835126424548,419447.17764029425,942514.5834198579,63.7736475857936,69.98019374997882,680600.2645041188,1109282.0901860339
16P1D,16,1,1,16384,1024,200,793.0633306088167,0.25218666943844764,256.94921469079276,269588.0551538176,561101.0983148885,89.94707641414065,121.48771170027928,361603.9143254835,611604.1218238028
16P1D,16,1,1,16384,4096,200,2379.773992255362,0.08404159413913746,342.51361795390824,966619.9660388915,1994778.1293720847,68.12968210724672,76.0834722007501,1245611.0142680667,2201475.424027622
16P1D,16,1,8,1024,1024,200,94.4278458099738,2.118019301239585,2158.0180957434945,19580.601126352696,54859.27995631217,24.807314715797368,25.942472751384265,44958.48408061341,70055.7672331731
16P1D,16,1,8,1024,4096,200,493.4155253648662,0.40533787389868997,1651.9646385209585,146724.7661060171,407308.28804270324,34.32300184719808,35.39922145279991,287277.4586702933,469043.29334575933
16P1D,16,1,8,4096,1024,200,193.12601666165634,1.0355932538617332,1055.150432460912,56887.749441848726,152581.92773442462,49.711439856474136,57.05986717924768,107742.55241502178,168755.09821031376
16P1D,16,1,8,4096,4096,200,800.6769711193588,0.2497886253933305,1018.0197875061532,256953.05661682095,707654.6793164468,56.30701137837543,59.414891314730234,487530.2682112684,776306.0526680163
16P1D,16,1,8,8192,1024,200,339.3992843215045,0.5892764340968526,600.4049195547717,124134.44528879964,278250.02864987333,76.1444302376948,95.64812781208066,202030.1974219614,316640.57061765174
16P1D,16,1,8,8192,4096,200,1279.007853396753,0.15637120559412174,637.294757678983,499090.97716096643,1094385.805042995,62.16370298806788,68.59277444325623,753651.3408971045,1256249.1396929005
16P1D,16,1,8,16384,1024,200,793.0633306088167,0.25218666943844764,256.94921469079276,352887.6827835957,728538.4143075147,89.94707641414065,121.48771170027928,444903.5419552616,769505.9295106899
16P1D,16,1,8,16384,4096,200,2379.773992255362,0.08404159413913746,342.51361795390824,1049919.5936686695,2162215.445364713,68.12968210724672,76.0834722007501,1328910.6418978446,2356611.6712268945
16P1D,16,1,64,1024,1024,200,90.43736706565078,2.2114752617114,2253.2389720288197,26482.155745155655,73336.06428238825,23.885537652341853,24.82868386387901,50917.06076350137,86516.00225923296
16P1D,16,1,64,1024,4096,200,489.6097825397835,0.4084885701476949,1664.8053798511842,154491.0670579067,428758.21565176366,34.16849915036291,35.159361490000684,294411.07107864285,485688.41773336567
16P1D,16,1,64,4096,1024,200,193.12601666165634,1.0355932538617332,1055.150432460912,67300.202895571,173537.63769610878,49.711439856474136,57.05986717924768,118155.00586874403,189204.6518552385
16P1D,16,1,64,4096,4096,200,800.6769711193588,0.2497886253933305,1018.0197875061532,267365.5100705432,728610.389278131,56.30701137837543,59.414891314730234,497942.7216649907,796755.6063129411
16P1D,16,1,64,8192,1024,200,339.3992843215045,0.5892764340968526,600.4049195547717,134546.89874252188,299257.7575028919,76.1444302376948,95.64812781208066,212442.65087568364,335679.44510852295
16P1D,16,1,64,8192,4096,200,1279.007853396753,0.15637120559412174,637.294757678983,509503.4306146888,1115393.5338960132,62.16370298806788,68.59277444325623,764063.7943508266,1275288.0141837713
16P1D,16,1,64,16384,1024,200,793.0633306088167,0.25218666943844764,256.94921469079276,363300.1362373179,749546.1431605334,89.94707641414065,121.48771170027928,455315.9954089837,789243.6554715509
16P1D,16,1,64,16384,4096,200,2379.773992255362,0.08404159413913746,342.51361795390824,1060332.0471223916,2183223.174217731,68.12968210724672,76.0834722007501,1339323.095351567,2376003.7021268033
1P16D,1,16,1,1024,1024,200,205.11429518554903,0.9750661201798608,998.4677070641775,63.74530839497247,108.26609559203783,11.700134985994524,12.80014675758785,12032.98339906737,13159.254532826617
1P16D,1,16,1,1024,4096,200,245.03321259107673,0.8162158830842644,3326.508236906997,92.43080446291656,1581.7377933639868,13.058286838699356,13.502859103269188,53566.11540893677,55363.360015912214
1P16D,1,16,1,4096,1024,200,206.95241996304793,0.9664057083058545,984.6562801072106,249.59998002096697,683.0728528735766,13.113020883789293,18.359466485176164,13664.220344137413,18937.14500965538
1P16D,1,16,1,4096,4096,200,293.504187045821,0.681421284013153,2777.1494785277055,12389.650602857631,41552.42510063291,16.164153652216573,18.243095545420218,78581.8598086845,100477.12188604397
1P16D,1,16,1,8192,1024,200,208.6836510558487,0.9583884458034292,976.487611602427,597.4076444220292,1848.2588771668552,18.047432377602536,32.38015068658808,19059.930966709428,33347.57989394778
1P16D,1,16,1,8192,4096,200,696.6433477181238,0.28709094927139694,1170.04634102931,144385.2355062735,405065.139322335,23.37554222178138,44.78583888409101,240108.08090446822,514437.6282216016
1P16D,1,16,1,16384,1024,200,557.9211076311218,0.35847362156484874,365.2433959081009,145801.9131723785,333403.42915242864,58.34571976535315,83.77430311289842,205489.58449233478,373146.1177257363
1P16D,1,16,1,16384,4096,200,2039.9922434307207,0.09803958845630391,399.562793743378,812215.464491645,1691353.9430468332,56.205783914009565,65.25227803431365,1042378.149619514,1858533.0346457066
1P16D,1,16,8,1024,1024,200,63.363058503255196,3.156413290714577,3216.022155709722,9140.455610476496,26006.083551317388,13.881339437896358,16.016484556457623,23341.065855444474,38504.35076237496
1P16D,1,16,8,1024,4096,200,238.00316742549128,0.8403249509803752,3424.7653458442937,57756.530757426095,159799.42136595552,13.77892146760497,15.067104863204106,114181.21416726845,212999.78428051915
1P16D,1,16,8,4096,1024,200,195.74507978642205,1.0217370480944936,1041.032552247758,58292.27923748642,155010.91950147672,50.298781619717374,57.74525419271561,109747.9328344573,171374.1613350795
1P16D,1,16,8,4096,4096,200,803.2960342441237,0.24897421557445346,1014.7006399290744,258357.58641245865,710083.6710834983,56.45373924743468,59.63369290383543,489535.6486307036,778925.1157927812
1P16D,1,16,8,8192,1024,200,326.1405720539073,0.6132325050528895,624.8134009108134,115021.90748683202,264888.8915887094,75.14508432517336,91.01193754067361,191895.3287514844,303381.8583500546
1P16D,1,16,8,8192,4096,200,1268.7714987089842,0.15763279692482565,642.4364046870501,491892.2389488835,1084047.025561659,61.98560807903693,67.13979738743193,745723.3040325397,1246012.7850051315
1P16D,1,16,8,16384,1024,200,633.5242475026691,0.31569430971015416,321.6561967490304,267945.7622683158,569645.7951105965,80.16399510167945,94.6056370430956,349953.5292573339,609966.8464045423
1P16D,1,16,8,16384,4096,200,2225.8454681203557,0.08985349740783785,366.2001750230783,969633.784644224,2008933.3851389366,66.14853590720736,70.4734964397858,1240512.0391842383,2202683.147091888
1P16D,1,16,64,1024,1024,200,65.14339360991616,3.0701501551733084,3128.129940853756,18600.538284910745,48986.20109287354,15.209349050549914,16.598782538459087,34159.70236362331,61222.02880349834
1P16D,1,16,64,1024,4096,200,268.79928436329,0.7440495999598504,3032.3927458763696,78620.2811523747,214648.4712193216,17.030883400802608,17.82301941980223,148361.74867866136,264877.91955687216
1P16D,1,16,64,4096,1024,200,195.74507978642205,1.0217370480944936,1041.032552247758,68704.73269120867,175973.58912131086,50.298781619717374,57.74525419271561,120160.38628817954,191823.71498000424
1P16D,1,16,64,4096,4096,200,803.2960342441237,0.24897421557445346,1014.7006399290744,268770.03986618086,731046.3407033322,56.45373924743468,59.63369290383543,499948.1020844259,799374.669437706
1P16D,1,16,64,8192,1024,200,326.1405720539073,0.6132325050528895,624.8134009108134,125434.36094055431,285896.6204417279,75.14508432517336,91.01193754067361,202307.7822052067,322420.73284092575
1P16D,1,16,64,8192,4096,200,1268.7714987089842,0.15763279692482565,642.4364046870501,502304.6924026057,1105054.7544146776,61.98560807903693,67.13979738743193,756135.757486262,1265051.6594960024
1P16D,1,16,64,16384,1024,200,633.5242475026691,0.31569430971015416,321.6561967490304,278358.2157220381,590653.5239636151,80.16399510167945,94.6056370430956,360365.98271105613,629704.5723654034
1P16D,1,16,64,16384,4096,200,2225.8454681203557,0.08985349740783785,366.2001750230783,980046.2380979464,2029941.113991955,66.14853590720736,70.4734964397858,1250924.4926379607,2222075.177991797
